country,years,students,gdp,expenditure
Afghanistan,2013,12003,20458939155,4.57999992371
Afghanistan,2012,9686,20536542737,3.13000011444
Afghanistan,2011,9429,17930239400,4.09000015259
Afghanistan,2010,7865,15936800636,4.51000022888
Albania,2013,24147,12781029643,3.5
Albania,2007,19930,10701011896,3.26999998093
Albania,2006,17465,8992642349,3.1099998951
Albania,2005,15240,8158548717,3.15000009537
Albania,2004,13645,7314865176,3.1099998951
Albania,2003,11475,5746945913,3.11999988556
Albania,2002,8608,4435078648,3.04999995232
Albania,2001,7386,4060758804,3.31999993324
Albania,2000,5827,3632043908,3.24000000954
Albania,1999,4685,3414760915,3.3599998951
Albania,1998,4596,2707123772,3.29999995232
Algeria,2008,21987,171001000000,4.34000015259
Andorra,2013,1177,3249100675,2.46000003815
Andorra,2011,1377,3427235709,3.16000008583
Andorra,2010,1249,3346317329,3.06999993324
Andorra,2009,1314,3649863493,3.16000008583
Andorra,2008,1200,4001349340,2.93000006676
Andorra,2007,991,4010785102,2.06999993324
Andorra,2006,305,3536451646,2.19000005722
Andorra,2005,1085,3248134607,1.60000002384
Andorra,2004,1224,2916913449,1.52999997139
Andorra,2002,714,1717563533,1.70000004768
Angola,2010,7916,83369475451,3.48000001907
Angola,2006,8268,52381006892,2.8599998951
Angola,2005,8020,36970918699,2.77999997139
Angola,2000,5359,9129634978,2.6099998951
Angola,1998,5193,6445427699,2.58999991417
Antigua and Barbuda,2009,673,1206410370,2.54999995232
Antigua and Barbuda,2002,566,802529333,3.45000004768
Antigua and Barbuda,1999,442,651851852,3.24000000954
Argentina,2013,7166,614384000000,5.34000015259
Argentina,2012,8072,604378000000,5.09999990463
Argentina,2011,9320,557890000000,4.98999977112
Argentina,2010,9753,461640000000,4.61000013351
Argentina,2009,9034,376628000000,4.88999986649
Argentina,2008,9304,403782000000,4.34000015259
Argentina,2007,8345,329318000000,3.90000009537
Argentina,2006,8327,262667000000,3.65000009537
Argentina,2005,8277,220814000000,3.47000002861
Argentina,2004,8316,181873000000,3.16000008583
Argentina,2003,9495,127586000000,3.53999996185
Argentina,2002,7958,97724513456,4.01999998093
Argentina,2001,6875,268697000000,4.82999992371
Argentina,2000,6887,284204000000,4.57999992371
Argentina,1999,5862,283523000000,4.51999998093
Argentina,1998,5717,298948000000,4.03999996185
Armenia,2013,6493,11121465767,2.82999992371
Armenia,2012,6719,10619320049,3.27999997139
Armenia,2011,6906,10142111334,3.1400001049
Armenia,2010,6267,9260284938,3.25
Armenia,2009,5417,8647936748,3.83999991417
Armenia,2008,5298,11662040714,3.17000007629
Armenia,2007,3914,9206301700,3.01999998093
Armenia,2006,3751,6384451606,2.72000002861
Armenia,2005,3428,4900469515,2.71000003815
Armenia,2004,2880,3576615240,2.49000000954
Armenia,2003,3151,2807061009,2.15000009537
Armenia,2002,2331,2376335048,2.1400001049
Armenia,2001,2419,2118467913,2.47000002861
Armenia,2000,1990,1911563665,2.76999998093
Armenia,1999,1826,1845482181,2.24000000954
Aruba,2011,128,2584463687,6.03999996185
Aruba,2010,398,2467703911,6.71000003815
Aruba,2009,200,2498932961,5.92000007629
Aruba,2008,86,2791960894,4.92000007629
Aruba,2007,143,2623726257,4.80000019073
Aruba,2005,111,2331005587,4.67999982834
Aruba,2004,202,2228279330,4.40999984741
Aruba,2002,278,1941094972,4.92000007629
Aruba,2001,109,1920262570,4.73999977112
Aruba,2000,125,1873452514,4.71000003815
Aruba,1999,81,1722798883,4.40000009537
Aruba,1998,125,1665363128,4.76000022888
Australia,2012,11084,1537480000000,4.90999984741
Australia,2011,10807,1389920000000,5.11000013351
Australia,2010,10629,1142250000000,5.57000017166
Australia,2009,10243,926564000000,5.09000015259
Australia,2008,9814,1054560000000,4.63000011444
Australia,2007,10285,853053000000,4.65999984741
Australia,2006,9787,746881000000,4.73999977112
Australia,2005,9477,693075000000,4.90999984741
Australia,2000,5475,414952000000,4.88999986649
Austria,2012,15221,407373000000,5.44999980927
Austria,2011,13876,429011000000,5.61999988556
Austria,2010,12815,390235000000,5.73000001907
Austria,2009,11581,397594000000,5.76999998093
Austria,2008,10232,427612000000,5.30000019073
Austria,2007,10478,386459000000,5.17999982834
Austria,2006,9938,334309000000,5.25
Austria,2005,11576,314649000000,5.26999998093
Austria,2004,12166,299857000000,5.32000017166
Austria,2003,12998,260721000000,5.38000011444
Austria,2002,12596,212971000000,5.53000020981
Austria,2001,11968,196954000000,5.59000015259
Austria,2000,11862,196422000000,5.59999990463
Austria,1999,11742,216725000000,6.13000011444
Austria,1998,11573,217684000000,6.11999988556
Azerbaijan,2013,22007,73560484385,2.46000003815
Azerbaijan,2012,16797,68730906314,2.09999990463
Azerbaijan,2011,19018,65951627200,2.44000005722
Azerbaijan,2010,14296,52902703376,2.77999997139
Azerbaijan,2009,10061,44291490421,3.22000002861
Azerbaijan,2008,7246,48852482960,2.44000005722
Azerbaijan,2007,4832,33050343783,2.54999995232
Azerbaijan,2006,4564,20983019924,2.55999994278
Azerbaijan,2005,4115,13245421881,2.97000002861
Azerbaijan,2004,3883,8680511918,3.45000004768
Azerbaijan,2003,5761,7275766111,3.28999996185
Azerbaijan,2002,5990,6236024951,3.15000009537
Azerbaijan,2001,3806,5707618247,3.5
Azerbaijan,2000,4629,5272617196,3.84999990463
Azerbaijan,1999,4652,4581222442,4.21000003815
Azerbaijan,1998,4607,4446396218,3.38000011444
Bahrain,2012,4106,30756462766,2.6400001049
Bahrain,2008,3872,25710877660,2.5
Bahrain,2007,3589,21730000000,2.57999992371
Bahrain,2006,3433,18505053191,2.86999988556
Bangladesh,2013,24112,149990000000,1.97000002861
Bangladesh,2012,22690,133356000000,2.04999995232
Bangladesh,2009,19346,102478000000,1.94000005722
Bangladesh,2008,16609,91631278239,2.04999995232
Bangladesh,2007,15757,79611888213,2.20000004768
Bangladesh,2006,14524,71819083684,2.13000011444
Bangladesh,2004,14487,65108544250,1.94000005722
Bangladesh,2003,15380,60158929188,2.06999993324
Bangladesh,2002,11575,54724081491,2.01999998093
Bangladesh,2001,9416,53991289844,2.17000007629
Bangladesh,2000,7908,53369787319,2.13000011444
Bangladesh,1999,7169,51270569884,2.13000011444
Barbados,2013,1204,4281000000,5.5
Barbados,2012,1179,4313000000,5.61999988556
Barbados,2010,1286,4445500000,5.86999988556
Barbados,2009,1395,4602000000,5.32999992371
Barbados,2008,1379,4595000000,5.05999994278
Barbados,2007,1524,4546000000,5.11999988556
Barbados,2005,1663,3897500000,5.55999994278
Barbados,2004,1590,3514500000,5.90999984741
Barbados,2003,1583,3275000000,6.11999988556
Barbados,2002,1517,3169500000,5.76999998093
Barbados,2001,1383,3116500000,5.94000005722
Barbados,2000,1433,3121500000,4.61999988556
Barbados,1999,1261,3011982170,4.25
Belarus,2013,35898,73097619637,5.17999982834
Belarus,2012,41629,63615445567,5.11999988556
Belarus,2011,40430,59734593905,4.84000015259
Belarus,2010,34843,55220932614,5.40999984741
Belarus,2009,28541,49208656976,4.51999998093
Belarus,2007,14835,45275747861,5.15000009537
Belarus,2006,12324,36961821894,6.07999992371
Belarus,2005,11313,30210091837,5.86999988556
Belarus,2004,10590,23141587718,5.71000003815
Belarus,2000,6686,12736856485,6.19999980927
Belarus,1999,6221,12138485329,6.0
Belgium,2011,12247,526975000000,6.36999988556
Belgium,2010,11236,483577000000,6.40000009537
Belgium,2009,10414,484553000000,6.40000009537
Belgium,2008,9834,518626000000,6.26999998093
Belgium,2007,10584,471822000000,5.84000015259
Belgium,2006,10441,409813000000,5.82999992371
Belgium,2005,9963,387366000000,5.78000020981
Belgium,2004,10086,370885000000,5.80999994278
Belgium,2003,11885,319003000000,5.88999986649
Belgium,2002,10882,258860000000,5.96000003815
Belgium,2001,10557,237842000000,5.84999990463
Belize,2013,755,1624294250,6.21999979019
Belize,2010,867,1397113450,6.61999988556
Belize,2009,886,1336957250,6.09999990463
Belize,2008,871,1368625150,5.69000005722
Belize,2004,841,1057850000,5.30000019073
Belize,2003,769,990350000,5.21000003815
Belize,2001,695,871860611,5.80000019073
Belize,2000,682,832072465,5.03000020981
Belize,1999,556,732732353,5.44000005722
Benin,2013,4095,9110800745,5.01000022888
Benin,2012,3967,8117100934,5.26000022888
Benin,2010,4109,6970240895,5.34000015259
Benin,2009,3984,7097198712,4.55000019073
Benin,2008,4250,7132787397,4.07999992371
Benin,2007,4201,5969535132,3.5
Benin,2006,4366,5142380779,3.82999992371
Benin,2005,4002,4803702821,4.0
Benin,2004,3815,4521424807,3.92000007629
Benin,2003,3675,3905366188,3.43000006676
Benin,2002,3001,3054571082,3.21000003815
Benin,2001,2685,2680213931,3.47000002861
Benin,2000,2540,2569186643,3.15000009537
Benin,1999,2376,2689787918,2.83999991417
Benin,1998,2359,2455092582,2.75
Bermuda,2010,1192,5744414000,2.6400001049
Bermuda,2009,1153,5806378000,2.61999988556
Bermuda,2005,1197,4868136000,1.99000000954
Bermuda,2004,1301,4484703000,1.77999997139
Bermuda,2003,1375,4186525000,1.66999995708
Bermuda,1998,930,3130748000,2.15000009537
Bhutan,2013,3457,1798333726,5.59000015259
Bhutan,2011,2260,1820207626,4.65000009537
Bhutan,2010,2097,1585472534,4.01999998093
Bhutan,2009,1806,1264758198,4.63000011444
Bhutan,2008,1461,1258332337,4.80000019073
Bhutan,2005,974,818869145,7.07999992371
Bhutan,2004,726,702682019,6.42000007629
Bhutan,2001,624,476360697,5.71999979019
Bhutan,2000,896,439158233,5.51000022888
Bolivia,2012,9214,27084497540,6.44000005722
Bolivia,2011,9857,23963033444,6.88999986649
Bolivia,2010,10485,19649631308,7.59999990463
Bolivia,2009,10125,17339992165,8.07999992371
Bolivia,2008,10193,16674324634,7.03999996185
Bolivia,2006,4421,11451869165,6.30999994278
Bolivia,2003,3564,8082364868,6.38000011444
Bolivia,2002,3182,7905485216,6.23000001907
Bolivia,2001,2798,8141537938,5.90000009537
Bolivia,2000,2555,8397912509,5.46999979019
Bolivia,1999,2355,8285075872,5.65999984741
Bolivia,1998,2353,8497545598,5.51999998093
Botswana,2009,8971,10267128733,9.63000011444
Botswana,2007,7246,10939053365,8.88000011444
Botswana,2005,9390,9931134941,10.6800003052
Brazil,2012,30235,2413140000000,5.90999984741
Brazil,2011,29218,2615230000000,5.73999977112
Brazil,2010,27753,2209430000000,5.65000009537
Brazil,2009,26238,1664590000000,5.46999979019
Brazil,2008,23003,1694590000000,5.26999998093
Brazil,2007,21533,1395940000000,4.98000001907
Brazil,2006,19880,1107800000000,4.86999988556
Brazil,2005,19424,892103000000,4.48000001907
Brazil,2004,19285,669643000000,3.97000002861
Brazil,2002,19534,508780000000,3.74000000954
Brazil,2001,17464,559612000000,3.83999991417
Brazil,2000,17274,657216000000,3.94000005722
Brazil,1999,16268,601905000000,3.77999997139
Brazil,1998,15996,866855000000,4.73999977112
Brunei Darussalam,2012,3550,16953505122,3.21000003815
Brunei Darussalam,2011,3425,16691533190,3.68000006676
Brunei Darussalam,2010,3325,12370616062,2.04999995232
Brunei Darussalam,2000,2179,6001153306,3.71000003815
Brunei Darussalam,1999,2226,4600000000,4.92999982834
Brunei Darussalam,1998,2092,4051147228,5.25
Bulgaria,2012,25166,53576670828,3.58999991417
Bulgaria,2011,24291,56949835052,3.67000007629
Bulgaria,2010,24150,49939168133,4.01999998093
Bulgaria,2009,23638,51783454184,4.42999982834
Bulgaria,2008,23257,54666642734,4.30999994278
Bulgaria,2007,24591,44765733380,3.75
Bulgaria,2006,25488,34304448150,3.99000000954
Bulgaria,2005,25676,29821662537,4.19000005722
Bulgaria,2004,24683,26094622564,2.33999991417
Bulgaria,2003,22256,21074775206,4.01000022888
Bulgaria,2002,18429,16360346654,3.40000009537
Bulgaria,2001,14458,14135393876,3.3599998951
Bulgaria,1998,9941,14630974778,2.80999994278
Burkina Faso,2013,3650,12110243992,4.53000020981
Burkina Faso,2012,3480,11166061508,4.05000019073
Burkina Faso,2011,3394,10724061339,4.48000001907
Burkina Faso,2010,3290,8979966766,3.94000005722
Burkina Faso,2007,2789,6771277871,4.59000015259
Burkina Faso,2006,2694,5844669846,4.46000003815
Burkina Faso,2005,2299,5462709498,4.42999982834
Burundi,2013,2017,2714505635,5.40999984741
Burundi,2012,1902,2472384907,5.82000017166
Burundi,2011,1882,2355652126,6.0
Burundi,2010,1607,2026864469,6.78999996185
Burundi,2009,1552,1739781489,6.32000017166
Burundi,2008,1436,1611634332,5.19000005722
Burundi,2005,936,1117257279,3.63000011444
Burundi,2004,938,915257323,3.74000000954
Burundi,2002,984,825394490,3.0
Burundi,2001,949,876794723,2.90000009537
Burundi,2000,880,870486066,2.65000009537
Burundi,1999,868,808077223,3.42000007629
Cambodia,2010,4172,11242275199,2.59999990463
Cambodia,2007,2918,8639235842,1.60000002384
Cambodia,2004,2457,5337833256,1.72000002861
Cambodia,2002,1943,4284028138,1.71000003815
Cambodia,2001,1767,3979813388,1.72000002861
Cambodia,2000,1665,3654031716,1.66999995708
Cambodia,1998,1391,3120425503,1.25999999046
Cameroon,2013,19491,29567504655,3.02999997139
Cameroon,2012,22173,26472056038,2.97000002861
Cameroon,2011,23006,26587311528,3.04999995232
Cameroon,2010,20916,23622483984,3.30999994278
Cameroon,2009,19695,23381142147,3.46000003815
Cameroon,2008,18854,23322254114,2.96000003815
Cameroon,2007,17476,20431780378,3.36999988556
Cameroon,2006,16569,17953066721,2.96000003815
Cameroon,2005,15867,16587858857,3.11999988556
Cameroon,2004,14779,15775357015,3.32999992371
Cameroon,2003,14444,13621738837,3.29999995232
Cameroon,2001,11405,9633109350,2.6099998951
Cameroon,2000,10716,9287367235,1.92999994755
Canada,2011,45983,1788800000000,5.26999998093
Canada,2010,46140,1614010000000,5.36999988556
Canada,2009,46841,1370840000000,4.86999988556
Canada,2008,45588,1542620000000,4.65999984741
Canada,2007,45148,1457870000000,4.80000019073
Canada,2005,43361,1164140000000,4.80000019073
Canada,2002,37631,752532000000,5.03999996185
Canada,2001,31868,732717000000,4.98999977112
Canada,2000,30864,739456000000,5.46000003815
Canada,1999,30353,674325000000,5.55000019073
Canada,1998,29698,631432000000,5.53000020981
Cape Verde,2013,4631,1837908563,5.03999996185
Cape Verde,2011,3079,1864824081,5.03999996185
Cape Verde,2010,3227,1664310770,5.57000017166
Cape Verde,2009,3309,1711817182,5.30999994278
Cape Verde,2008,3421,1789333749,5.51999998093
Cape Verde,2007,5399,1513933983,5.40999984741
Cape Verde,2006,4903,1107891063,6.53000020981
Cape Verde,2004,3978,924318506,7.48000001907
Cape Verde,2002,2963,620974807,7.88000011444
Cape Verde,1999,2066,592416703,6.80000019073
Cape Verde,1998,2062,521910561,6.38999986649
Central African Republic,2011,1022,2195599557,1.23000001907
Central African Republic,2010,1142,1986014846,1.20000004768
Central African Republic,2009,857,1981728141,1.29999995232
Central African Republic,2008,958,1985370058,1.28999996185
Central African Republic,2007,951,1698125618,1.30999994278
Central African Republic,2006,932,1460562038,1.39999997616
Central African Republic,2005,883,1350301057,1.63999998569
Central African Republic,2004,964,1270080251,1.62000000477
Central African Republic,2003,1664,1139754799,1.53999996185
Central African Republic,2002,1854,991387870,1.51999998093
Central African Republic,2000,1088,914500299,1.61000001431
Central African Republic,1999,559,999477511,1.69000005722
Chad,2013,3998,12949853281,2.84999990463
Chad,2011,3886,12156380062,2.25999999046
Chad,2010,3585,10657705072,1.98000001907
Chad,2009,3487,9253484290,2.30999994278
Chad,2005,2740,6646663021,1.69000005722
Chad,2004,2666,4414929220,1.59000003338
Chad,2001,2416,1709347793,2.43000006676
Chad,2000,2407,1385058162,2.65000009537
Chad,1999,2370,1534673583,3.23000001907
Chad,1998,2391,1744794457,1.64999997616
Chile,2013,8937,276674000000,4.55999994278
Chile,2012,8924,265232000000,4.57000017166
Chile,2011,9860,250832000000,4.07000017166
Chile,2010,9127,217538000000,4.17999982834
Chile,2009,8242,171957000000,4.23999977112
Chile,2008,7120,179627000000,3.78999996185
Chile,2007,6177,173081000000,3.22000002861
Chile,2006,6313,154671000000,3.01999998093
Chile,2005,7673,124404000000,3.23000001907
Chile,2004,5631,100631000000,3.49000000954
Chile,2003,6807,77840186385,3.84999990463
Chile,2002,5883,70984568429,4.01000022888
Chile,2000,5070,79328640264,3.71000003815
Chile,1999,4696,72995286764,3.83999991417
Chile,1998,4582,79373597080,3.43000006676
China,1999,123076,1089450000000,1.89999997616
China,1998,119863,1025280000000,1.85000002384
Colombia,2013,25509,380063000000,4.90000009537
Colombia,2012,25117,369660000000,4.38999986649
Colombia,2011,25635,335415000000,4.46000003815
Colombia,2010,24391,287018000000,4.82999992371
Colombia,2009,22096,233822000000,4.75
Colombia,2008,20106,243982000000,3.91000008583
Colombia,2007,18385,207416000000,4.05999994278
Colombia,2006,17558,162590000000,3.8900001049
Colombia,2005,17741,146566000000,4.0
Colombia,2004,17459,117075000000,4.07999992371
Colombia,2003,18525,94684582573,4.32999992371
Colombia,2002,16784,97933392356,4.26999998093
Colombia,2001,13087,98203544965,3.71000003815
Colombia,2000,12034,99886577576,3.50999999046
Colombia,1999,10113,86186156584,4.44000005722
Colombia,1998,9851,98443743191,3.93000006676
Comoros,2012,4293,550476566,4.88999986649
Comoros,2011,3920,566024621,4.92999982834
Comoros,2008,3081,517477679,7.71000003815
Comoros,2002,1793,246737680,3.88000011444
Comoros,1998,2341,215394066,3.77999997139
Costa Rica,2004,1625,18596365927,4.88999986649
Costa Rica,2003,1706,17517536016,5.05999994278
Costa Rica,2002,1588,16844378578,5.07000017166
Costa Rica,2001,1364,16403602943,4.71000003815
Costa Rica,2000,1167,15946443103,4.38999986649
Costa Rica,1999,1133,15796567138,4.86999988556
Croatia,2011,9950,62249565359,4.15999984741
Croatia,2010,9966,59680624422,4.25
Croatia,2009,9845,62703095751,4.38999986649
Croatia,2008,9479,70481451814,4.26999998093
Croatia,2007,8931,60093155533,3.97000002861
Croatia,2004,13564,41574530816,3.81999993324
Croatia,2003,13419,34658113497,3.86999988556
Croatia,2002,12943,26878499206,3.80999994278
Cuba,2010,2119,64328200000,12.8400001526
Cuba,2009,1755,62078600000,13.1300001144
Cuba,2008,1592,60806300000,14.0600004196
Cuba,2007,1442,58603500000,11.8699998856
Cuba,2006,1380,52742100000,9.06000041962
Cuba,2005,1283,42644200000,10.5600004196
Cuba,2004,1199,38202800000,10.2700004578
Cuba,2003,1737,35901500000,9.93999958038
Cuba,2002,1387,33590400000,9.56999969482
Cuba,2001,1609,31683300000,8.35999965668
Cuba,2000,1678,30565200000,7.69999980927
Cuba,1999,1325,28365300000,6.76000022888
Cuba,1998,1328,25736600000,6.21000003815
Cyprus,2011,26980,27089174646,6.63999986649
Cyprus,2010,27059,25247424011,6.65999984741
Cyprus,2009,25734,25593262401,7.30000019073
Cyprus,2008,24386,27493064742,6.80999994278
Cyprus,2007,23078,23716042497,6.34999990463
Cyprus,2006,19249,19866878479,6.40000009537
Cyprus,2005,21354,18270009451,6.34000015259
Cyprus,2004,19022,17164625000,6.17000007629
Cyprus,2003,17035,14445240091,6.71999979019
Cyprus,2002,14075,11345759615,5.61999988556
Cyprus,2001,16595,10328979964,5.15000009537
Cyprus,2000,16619,9929632422,5.01999998093
Cyprus,1999,13546,10443559871,4.80000019073
Czech Republic,2012,12088,206442000000,4.26000022888
Czech Republic,2011,11904,227313000000,4.28000020981
Czech Republic,2010,11450,207016000000,4.07000017166
Czech Republic,2009,10543,205730000000,4.17999982834
Czech Republic,2008,9402,235205000000,3.75
Czech Republic,2007,7233,188818000000,3.88000011444
Czech Republic,2006,6935,155213000000,4.21999979019
Czech Republic,2005,6881,135990000000,3.90000009537
Czech Republic,2004,6713,118976000000,4.01999998093
Czech Republic,2003,6890,99300329682,4.15000009537
Czech Republic,2002,6098,81696651659,3.98000001907
Czech Republic,2001,5275,67375623427,3.75999999046
Czech Republic,2000,4551,61474265135,3.66000008583
Czech Republic,1999,4152,64719461255,3.69000005722
Czech Republic,1998,4095,66372594575,3.59999990463
Denmark,2011,6064,341499000000,8.55000019073
Denmark,2010,5328,319811000000,8.61999988556
Denmark,2009,5182,319762000000,8.48999977112
Denmark,2008,4966,352592000000,7.48999977112
Denmark,2007,5081,319500000000,7.61000013351
Denmark,2006,5179,282961000000,7.73000001907
Denmark,2005,5416,264560000000,8.07999992371
Denmark,2004,5455,251243000000,8.21000003815
Denmark,2003,6757,218096000000,8.11999988556
Denmark,2002,6651,178635000000,8.21000003815
Denmark,2001,6327,164791000000,8.22000026703
Denmark,2000,6583,164159000000,8.07999992371
Denmark,1999,6423,177965000000,7.92999982834
Denmark,1998,6162,176992000000,8.10999965668
Djibouti,2010,1793,1128611700,4.48999977112
Djibouti,2007,1542,847918929,8.40999984741
Djibouti,2006,2480,768873684,8.27999973297
Djibouti,2005,2134,708633195,8.36999988556
Djibouti,2004,1868,666072102,9.26000022888
Djibouti,2003,1732,622044666,8.89000034332
Djibouti,2002,1580,591122040,8.44999980927
Djibouti,2001,1375,572417441,7.80999994278
Djibouti,2000,1233,551230862,9.65999984741
Djibouti,1999,1174,536080148,7.63000011444
Dominica,1999,518,267740736,4.98999977112
Dominica,1998,482,258440736,7.15999984741
Dominican Republic,2007,2109,44073886687,2.04999995232
Dominican Republic,2003,2032,21277171990,1.87999999523
Dominican Republic,2002,1691,26571659051,1.97000002861
Dominican Republic,2001,1426,24892595799,2.01999998093
Dominican Republic,2000,1201,23996100575,1.90999996662
Ecuador,2012,10917,87924544000,4.17999982834
Ecuador,2011,10690,79276664000,4.30999994278
Ecuador,2010,10214,69555367000,4.07999992371
Ecuador,2000,3252,18327764882,1.14999997616
Ecuador,1999,2972,19645272636,1.54999995232
Ecuador,1998,2944,27981896948,2.20000004768
El Salvador,2011,2314,23139000000,3.42000007629
El Salvador,2010,3165,21418300000,3.49000000954
El Salvador,2009,3019,20661000000,3.97000002861
El Salvador,2008,2715,21431000000,3.74000000954
El Salvador,2007,2698,20104900000,3.04999995232
El Salvador,2006,2315,18550700000,3.00999999046
El Salvador,2005,2201,17093800000,2.73000001907
El Salvador,2003,2486,15046700000,2.75999999046
El Salvador,2002,2146,14306700000,2.86999988556
El Salvador,2000,1694,13134100000,2.54999995232
El Salvador,1999,1148,12464700000,2.31999993324
El Salvador,1998,1161,12008400000,2.31999993324
Equatorial Guinea,1998,775,370687619,2.19000005722
Eritrea,2006,852,1211161880,2.13000011444
Eritrea,2004,817,1109054002,3.15000009537
Eritrea,2002,998,729321364,3.51999998093
Eritrea,2001,844,752368495,4.05000019073
Eritrea,1999,623,688921326,5.26000022888
Eritrea,1998,601,745526150,4.61999988556
Estonia,2012,4524,23135266649,4.78999996185
Estonia,2011,4305,23168793439,5.09999990463
Estonia,2010,4015,19494662252,5.53000020981
Estonia,2009,3783,19652486802,5.96000003815
Estonia,2008,3525,24194038377,5.51999998093
Estonia,2007,3268,22237065426,4.67000007629
Estonia,2005,3597,14006093769,4.84999990463
Estonia,2004,3498,12059204969,4.90999984741
Estonia,2003,4103,9833875339,5.30000019073
Estonia,2002,3590,7322068381,5.48000001907
Estonia,2001,3981,6245072062,5.25
Estonia,2000,3430,5685773519,5.34000015259
Estonia,1999,3188,5726895230,6.69999980927
Estonia,1998,3145,5617109801,6.30999994278
Ethiopia,2013,5622,47648211133,4.5
Ethiopia,2010,5408,29933790334,4.5
Ethiopia,2009,5113,32437389116,4.42000007629
Ethiopia,2008,4210,27066912635,5.40999984741
Ethiopia,2007,3895,19707616773,5.44999980927
Ethiopia,2006,3583,15280861835,5.48999977112
Ethiopia,2002,3323,7850809498,3.63000011444
Ethiopia,2001,3290,8231326016,3.70000004768
Ethiopia,2000,3588,8242392104,3.98000001907
Fiji,2013,1248,4196100793,4.21999979019
Fiji,2011,1485,3774537140,4.32000017166
Fiji,2009,1849,2870624636,4.5
Fiji,2008,1732,3523185920,4.25
Fiji,2007,1705,3405050612,5.84999990463
Fiji,2006,1712,3102741451,5.61000013351
Fiji,2005,1714,3006725015,5.11999988556
Fiji,2004,1641,2727507213,6.15999984741
Fiji,2002,1915,1842691481,6.23999977112
Fiji,2001,1709,1660102346,5.61999988556
Fiji,2000,1463,1684109743,5.86000013351
Fiji,1999,1411,1942170999,5.15000009537
Fiji,1998,1405,1656784780,5.51000022888
Finland,2012,8143,256706000000,7.19000005722
Finland,2011,7667,273657000000,6.48000001907
Finland,2010,7380,247815000000,6.53999996185
Finland,2009,7071,251499000000,6.48999977112
Finland,2008,6487,283742000000,5.84999990463
Finland,2007,6046,255385000000,5.69000005722
Finland,2006,6084,216553000000,5.94000005722
Finland,2005,5856,204436000000,6.03999996185
Finland,2004,6064,196768000000,6.17000007629
Finland,2003,10461,171071000000,6.17000007629
Finland,2002,10297,139553000000,6.01999998093
Finland,2001,10009,129250000000,5.84999990463
Finland,2000,10236,125540000000,5.71999979019
Finland,1999,9924,135226000000,5.86999988556
France,2012,63713,2681420000000,5.53000020981
France,2011,60135,2862500000000,5.51999998093
France,2010,57174,2646990000000,5.67999982834
France,2009,52946,2693830000000,5.73999977112
France,2008,46076,2923470000000,5.44000005722
France,2007,54611,2663110000000,5.44999980927
France,2006,53352,2325010000000,5.44000005722
France,2005,49154,2203680000000,5.5
France,2004,46573,2124110000000,5.63999986649
France,2003,57356,1848120000000,5.71999979019
France,2002,55844,1500340000000,5.40999984741
France,2001,52618,1382220000000,5.42000007629
France,2000,50465,1368440000000,5.51999998093
France,1999,48316,1500280000000,5.65000009537
France,1998,46748,1510760000000,5.65999984741
Gabon,2000,3063,5067865321,3.82999992371
Gabon,1999,2870,4662992036,3.07999992371
Gabon,1998,2796,4483417120,3.42000007629
Georgia,2012,9966,15846474596,1.98000001907
Georgia,2011,8452,14434619982,2.70000004768
Georgia,2009,8837,10766836277,3.22000002861
Georgia,2008,8329,12795044473,2.92000007629
Georgia,2007,8236,10172869680,2.70000004768
Georgia,2006,7556,7745406201,3.0
Georgia,2005,7374,6410941013,2.48000001907
Georgia,2004,6781,5125273881,2.91000008583
Georgia,2003,6069,3991374549,2.06999993324
Georgia,2002,5270,3395778674,2.24000000954
Georgia,2001,4654,3219487825,2.1400001049
Georgia,2000,4367,3057453483,2.18000006676
Georgia,1999,3902,2800024314,2.16000008583
Georgia,1998,3857,3613500117,2.1099998951
Germany,2012,117691,3539620000000,4.94999980927
Germany,2011,113795,3757460000000,4.80999994278
Germany,2010,104853,3417300000000,4.92000007629
Germany,2009,92753,3418010000000,4.88999986649
Germany,2008,83023,3752370000000,4.42000007629
Germany,2007,78222,3439950000000,4.34999990463
Germany,2006,70750,3002450000000,4.28000020981
Germany,1998,52063,2243230000000,4.46000003815
Ghana,2013,8850,47805069495,5.92999982834
Ghana,2012,8799,41939728979,7.92000007629
Ghana,2011,8871,39566292433,8.14000034332
Ghana,2010,8093,32174772956,5.53999996185
Ghana,2009,7811,25977847814,5.32000017166
Ghana,2008,7741,28526891010,5.76000022888
Ghana,2007,7697,24758819718,5.51999998093
Ghana,2006,7968,20409257610,5.26000022888
Ghana,2005,8355,10731634117,7.42000007629
Ghana,2004,8146,8881368538,7.53999996185
Ghana,2001,4925,5314909954,5.34999990463
Ghana,1999,4219,7719354839,4.11000013351
Greece,2005,41687,247783000000,3.97000002861
Greece,2004,47352,240521000000,3.68000006676
Greece,2003,50531,201924000000,3.44000005722
Greece,2002,55162,153831000000,3.45000004768
Greece,2001,61730,136191000000,3.36999988556
Greece,2000,63676,130495000000,3.22000002861
Greece,1999,66951,142541000000,3.01999998093
Greece,1998,62059,144428000000,2.88000011444
Grenada,2003,537,591018407,3.93000006676
Guatemala,2013,2820,53851148432,2.83999991417
Guatemala,2012,2778,50388460223,2.96000003815
Guatemala,2011,2381,47654787037,2.92000007629
Guatemala,2010,2883,41338008265,2.79999995232
Guatemala,2008,2906,39136436508,3.18000006676
Guatemala,2007,2749,34113107920,3.03999996185
Guatemala,2006,2459,30231249704,2.98000001907
Guinea,2013,5656,6231725485,3.53999996185
Guinea,2012,6080,5667229759,2.47000002861
Guinea,2011,6227,5067360009,3.05999994278
Guinea,2010,5712,4735956493,3.69000005722
Guinea,2009,4621,4609923756,3.22000002861
Guinea,2008,4532,4515824647,2.44000005722
Guinea,2005,3135,2937071767,1.85000002384
Guinea,2004,2812,3666349049,2.21000003815
Guinea,2003,3000,3446442219,2.36999988556
Guinea,2002,2326,2949637039,2.58999991417
Guinea,2001,2202,2833442750,2.07999992371
Guinea,2000,1977,2995360969,2.58999991417
Guinea,1999,1785,3461282294,2.3599998951
Guinea-Bissau,2013,1491,946629756,2.3599998951
Guinea-Bissau,2012,1485,958857944,2.05999994278
Guinea-Bissau,2011,1550,1103652041,1.85000002384
Guinea-Bissau,2010,1515,847491367,1.86000001431
Guinea-Bissau,1999,735,224446652,5.25
Guyana,2012,1530,2851149183,3.19000005722
Guyana,2011,1657,2576597596,3.58999991417
Guyana,2010,831,2259288396,3.66000008583
Guyana,2009,1593,2025565089,3.3599998951
Guyana,2007,1433,1740334782,3.75
Guyana,2006,1101,1458446872,5.09000015259
Guyana,2005,1116,824880550,8.14000034332
Guyana,2004,1091,785918770,5.53000020981
Guyana,2003,1047,741929343,6.96999979019
Guyana,2002,667,722460886,8.40999984741
Guyana,2001,644,696281472,8.59000015259
Guyana,2000,742,712667897,8.47999954224
Guyana,1999,664,694754988,8.56000041962
Honduras,2013,3343,18496438641,5.86999988556
Hungary,2011,8093,139931000000,4.65000009537
Hungary,2010,8062,130094000000,4.82000017166
Hungary,2009,7495,129774000000,5.01000022888
Hungary,2008,6997,157095000000,5.01999998093
Hungary,2007,7184,139080000000,5.19000005722
Hungary,2006,7103,114734000000,5.36000013351
Hungary,2005,7579,112531000000,5.38000011444
Hungary,2004,7525,103641000000,5.38000011444
Hungary,2003,8248,84998508738,5.82999992371
Hungary,2002,7915,67516529107,5.19999980927
Hungary,2001,7373,53656435272,4.94999980927
Hungary,2000,6958,47169872903,4.88000011444
Hungary,1999,6464,49032987301,4.57999992371
Hungary,1998,6657,48615206876,4.42000007629
Iceland,2011,2697,14665358677,7.03999996185
Iceland,2010,2797,13236887873,7.19999980927
Iceland,2009,2634,12855269884,7.38000011444
Iceland,2008,2390,17530651670,7.23000001907
Iceland,2007,2489,21293841230,7.01000022888
Iceland,2006,2431,17041293816,7.34999990463
Iceland,2005,2334,16749309720,7.36000013351
Iceland,2004,2237,13704440838,7.21000003815
Iceland,2003,3012,11297018603,7.30999994278
Iceland,2002,2989,9161798221,7.40000009537
Iceland,2001,2469,8126161154,6.78000020981
Iceland,2000,2464,8924735423,6.48999977112
Iceland,1999,2434,8928185824,6.46000003815
Iceland,1998,2400,8468339856,6.78999996185
India,2012,188791,1831780000000,3.82999992371
India,2011,204246,1835810000000,3.72000002861
India,2010,208723,1708460000000,3.31999993324
India,2009,203217,1365370000000,3.21000003815
India,2006,145539,949117000000,3.08999991417
India,2005,146033,834215000000,3.13000011444
India,2004,133849,721585000000,3.28999996185
India,2003,118924,618356000000,3.54999995232
India,2000,62342,476609000000,4.25
India,1999,55436,466867000000,4.34000015259
India,1998,54384,428741000000,3.50999999046
Indonesia,2013,39098,910479000000,3.36999988556
Indonesia,2012,35785,917870000000,3.41000008583
Indonesia,2011,36559,892969000000,3.19000005722
Indonesia,2010,37175,755094000000,2.80999994278
Indonesia,2009,36471,539580000000,3.52999997139
Indonesia,2008,35005,510229000000,2.90000009537
Indonesia,2007,33741,432217000000,3.03999996185
Indonesia,2005,32745,285869000000,2.86999988556
Indonesia,2004,34061,256837000000,2.75
Indonesia,2003,39693,234772000000,3.22000002861
Indonesia,2002,39640,195661000000,2.65000009537
Indonesia,2001,36108,160447000000,2.46000003815
Ireland,2012,18541,224652000000,5.84000015259
Ireland,2011,20546,241785000000,5.84999990463
Ireland,2010,20009,220076000000,6.13999986649
Ireland,2009,18432,235387000000,6.21000003815
Ireland,2008,17991,274714000000,5.46999979019
Ireland,2007,19412,269715000000,4.71999979019
Ireland,2006,19911,231995000000,4.57999992371
Ireland,2005,19182,211389000000,4.55000019073
Ireland,2004,17540,193911000000,4.51000022888
Ireland,2003,15987,164537000000,4.23000001907
Ireland,2002,15380,127938000000,4.13000011444
Ireland,2001,15598,109077000000,4.11999988556
Ireland,2000,17822,99833960199,4.15999984741
Ireland,1999,19411,98688885468,4.15000009537
Ireland,1998,19624,90074803073,4.30999994278
Israel,2011,13985,261764000000,5.63000011444
Israel,2010,13630,234322000000,5.55999994278
Israel,2009,13334,208069000000,5.51999998093
Israel,2008,13291,216760000000,5.59000015259
Israel,2007,12354,179564000000,5.57000017166
Israel,2006,12026,154511000000,5.82999992371
Israel,2005,11804,142838000000,5.80999994278
Israel,2004,10680,135419000000,6.01000022888
Israel,2003,12107,126750000000,6.42999982834
Israel,2002,12356,121093000000,6.53000020981
Israel,2001,16028,130752000000,6.42999982834
Israel,2000,14004,132397000000,6.15999984741
Israel,1999,10305,117212000000,6.46999979019
Israel,1998,9991,115838000000,6.71000003815
Italy,2011,43799,2278090000000,4.13999986649
Italy,2010,40350,2126750000000,4.34999990463
Italy,2009,36117,2186240000000,4.53000020981
Italy,2008,31764,2391880000000,4.40000009537
Italy,2007,31391,2204090000000,4.11999988556
Italy,2006,29942,1943530000000,4.53999996185
Italy,2005,34391,1853510000000,4.25
Italy,2004,35008,1799130000000,4.40000009537
Italy,2003,43470,1570330000000,4.55000019073
Italy,2002,42162,1267040000000,4.44999980927
Italy,2001,42271,1162780000000,4.67000007629
Italy,2000,41510,1142210000000,4.30000019073
Italy,1999,39657,1249060000000,4.51999998093
Italy,1998,38801,1266790000000,4.46000003815
Jamaica,2013,4003,14187446661,6.26000022888
Jamaica,2012,4230,14746420946,6.11999988556
Jamaica,2011,4831,14396816914,6.26000022888
Jamaica,2010,5691,13190512703,6.36999988556
Jamaica,2009,5855,12037473161,6.19999980927
Jamaica,2008,6062,13678551838,6.19000005722
Jamaica,2007,6493,12824094990,5.48999977112
Jamaica,2005,6727,11204416000,4.61999988556
Jamaica,2004,7162,10150978155,3.91000008583
Jamaica,2003,6683,9399452788,4.26000022888
Jamaica,2002,5557,9694161516,5.42999982834
Jamaica,2001,5063,9087918837,5.40999984741
Jamaica,2000,5016,8929375580,5.01999998093
Japan,2013,32332,4919560000000,3.81999993324
Japan,2012,33416,5954480000000,3.84999990463
Japan,2011,35731,5905630000000,3.77999997139
Japan,2010,40330,5495390000000,3.77999997139
Japan,2008,50839,4849180000000,3.44000005722
Japan,2007,55344,4356350000000,3.46000003815
Japan,2006,59154,4356750000000,3.46000003815
Japan,2005,64273,4571870000000,3.48000001907
Japan,2004,61490,4655800000000,3.59999990463
Japan,2003,64975,4302940000000,3.6400001049
Japan,2002,63935,3980820000000,3.58999991417
Japan,2001,57132,4159860000000,3.56999993324
Japan,2000,59302,4731200000000,3.61999988556
Japan,1999,58390,4432600000000,3.53999996185
Japan,1998,57088,3914570000000,3.43000006676
Jordan,1999,12028,8147494358,4.94999980927
Kazakhstan,2013,48875,231876000000,2.82999992371
Kazakhstan,2009,35968,115309000000,3.05999994278
Kazakhstan,2008,46780,133442000000,2.58999991417
Kazakhstan,2007,30475,104850000000,2.82999992371
Kazakhstan,2006,28248,81003884545,2.63000011444
Kazakhstan,2005,29440,57123671734,2.25999999046
Kazakhstan,2004,27710,43151647003,2.25999999046
Kazakhstan,2002,27463,24636598581,3.02999997139
Kazakhstan,2000,20203,18291990619,3.25999999046
Kazakhstan,1999,20171,16870817135,3.8900001049
Kenya,2010,13456,39999659234,5.51000022888
Kenya,2006,13728,25825524821,7.05000019073
Kenya,2005,14025,18737895401,7.34000015259
Kenya,2004,14267,16095337094,6.80000019073
Kenya,2003,14765,14904517650,6.48999977112
Kenya,2002,13314,13147743911,6.17000007629
Kenya,2001,11366,12986007426,5.21000003815
Kenya,2000,10517,12705357103,5.19000005722
Kenya,1999,9676,12896013577,5.32000017166
Kiribati,2001,909,63101272,11.9899997711
Kiribati,2000,914,67512697,11.1400003433
Kiribati,1999,900,70596129,10.6300001144
Kuwait,2006,6447,101551000000,3.75999999046
Kuwait,2005,6381,80797945205,4.73999977112
Kuwait,2004,6639,59440108585,5.53999996185
Kuwait,2002,6248,38137545245,6.55000019073
Kuwait,2001,5488,34890772742,6.59000015259
Latvia,2012,6343,28023276372,3.20000004768
Latvia,2011,6036,28385281828,3.49000000954
Latvia,2010,5064,23743309486,3.55999994278
Latvia,2009,4250,26144610787,3.92000007629
Latvia,2008,4063,35542093261,3.78999996185
Latvia,2007,3872,30847189167,3.26999998093
Latvia,2006,3521,21410923000,3.27999997139
Latvia,2004,3416,14359465331,3.21000003815
Latvia,2003,3643,11734856721,3.25
Latvia,2002,3127,9537868349,3.26999998093
Latvia,2001,3025,8347312514,3.06999993324
Latvia,2000,2612,7934770568,2.99000000954
Latvia,1999,2375,7530139323,3.5
Latvia,1998,2345,7172336471,3.8599998951
Lebanon,2013,12000,44352418120,2.56999993324
Lebanon,2012,12596,43205095854,2.19000005722
Lebanon,2011,13160,40078938640,1.64999997616
Lebanon,2010,13243,38009950249,1.62999999523
Lebanon,2009,14051,35139635158,1.77999997139
Lebanon,2008,14247,28829850746,2.03999996185
Lebanon,2007,13639,24577114428,2.6099998951
Lebanon,2006,13705,21796351575,2.80999994278
Lebanon,2005,13409,21287562189,2.67000007629
Lebanon,2004,13577,20955223881,2.67000007629
Lebanon,2002,11772,19152238806,2.54999995232
Lebanon,2001,9928,17649751244,2.83999991417
Lesotho,2008,4440,1630672199,12.9799995422
Lesotho,2006,3951,1428852975,13.8599996567
Lesotho,2005,4138,1368352564,14.7899999619
Lesotho,2004,4397,1234215385,13.2700004578
Lesotho,2003,4678,969167237,15.6199998856
Lesotho,2002,3685,656752929,11.8100004196
Lesotho,2001,2022,706400239,10.7700004578
Lesotho,2000,1760,771261708,11.4899997711
Lesotho,1999,1236,801538587,14.1599998474
Liberia,2012,698,1735500000,2.81999993324
Liberia,2008,802,850040500,3.25999999046
Liechtenstein,2011,983,5739705822,2.55999994278
Liechtenstein,2008,863,5081479840,2.04999995232
Liechtenstein,2007,885,4601430549,1.91999995708
Liechtenstein,2006,857,4000101033,2.04999995232
Liechtenstein,2004,676,3454374270,2.43000006676
Liechtenstein,2003,666,3070803439,2.46000003815
Lithuania,2011,10314,43505562065,17.7000007629
Lithuania,2010,8740,37132564255,18.3099994659
Lithuania,2009,7783,37440673478,19.2600002289
Lithuania,2008,7106,47850551149,16.6900005341
Lithuania,2007,6744,39738180077,15.8500003815
Lithuania,2006,6551,30216060233,16.6399993896
Lithuania,2005,6786,26125575942,16.8299999237
Lithuania,2004,6457,22649930576,17.8500003815
Luxembourg,2001,5839,21052080537,3.59999990463
Madagascar,2013,4223,10613473833,2.07999992371
Madagascar,2012,4824,9919780071,2.73000001907
Madagascar,2011,4733,9892702358,2.77999997139
Madagascar,2009,4207,8550363975,3.18000006676
Madagascar,2008,4126,9413002921,2.91000008583
Madagascar,2007,4154,7342923489,3.36999988556
Madagascar,2006,4230,5515884349,3.27999997139
Madagascar,2005,4151,5039293031,3.84999990463
Madagascar,2004,3993,4363934494,3.25999999046
Madagascar,2003,4113,5474030080,3.03999996185
Madagascar,2002,3369,4397254608,2.72000002861
Madagascar,2001,2901,4529575348,3.25
Madagascar,2000,2856,3877673539,2.91000008583
Madagascar,1999,2615,3717515283,2.76999998093
Madagascar,1998,2619,3738704468,1.87000000477
Malawi,2013,1921,3883521175,7.69999980927
Malawi,2011,2463,5627896279,5.34999990463
Malawi,2010,2189,5398615401,4.36000013351
Malawi,2003,1473,2424656666,4.21999979019
Malawi,2001,1272,1716502070,4.51000022888
Malawi,2000,1130,1743506287,5.25
Malawi,1999,1286,1775920040,4.98999977112
Malaysia,2013,56260,323343000000,6.28999996185
Malaysia,2011,59855,297952000000,5.92999982834
Malaysia,2010,59539,255017000000,5.11999988556
Malaysia,2009,59892,202258000000,5.96999979019
Malaysia,2008,56285,230814000000,3.96000003815
Malaysia,2007,52654,193548000000,4.36999988556
Malaysia,2006,49000,162691000000,4.48999977112
Malaysia,2004,48294,124750000000,5.92000007629
Malaysia,2003,48877,110202000000,7.5
Malaysia,2002,46459,100845000000,7.65999984741
Malaysia,2001,44254,92783947368,7.48000001907
Malaysia,2000,45301,93789736842,5.96999979019
Malaysia,1999,54255,79148947368,5.69000005722
Maldives,2012,3573,2514041557,5.15999984741
Maldives,2011,2013,2449576518,5.96999979019
Maldives,2009,2101,2166330189,7.0
Maldives,2008,2166,2117773601,4.80000019073
Maldives,2007,1487,1745998940,4.73000001907
Maldives,2006,1365,1474698126,4.96000003815
Maldives,2005,1364,1119806502,5.21000003815
Maldives,2004,1268,1202240024,4.76000022888
Maldives,2003,1225,1043403341,5.36999988556
Maldives,2002,1217,910864152,5.69999980927
Mali,2013,5695,10942822487,3.91000008583
Mali,2012,5308,10340795747,4.19000005722
Mali,2011,5141,10647545940,4.57999992371
Mali,2010,4643,9264035748,3.78999996185
Mali,2009,4059,8964480395,4.40000009537
Mali,2008,3970,8737660549,3.81999993324
Mali,2005,3304,5486319313,4.15000009537
Mali,2004,3149,4982269745,4.30999994278
Mali,2003,3214,4221530566,4.09999990463
Mali,2002,2417,3189056155,3.36999988556
Mali,2001,2141,3017629343,3.5
Mali,2000,1680,2655438603,3.61999988556
Mali,1999,1580,2938610578,2.99000000954
Mali,1998,1563,2920358587,2.98000001907
Malta,2012,1356,8882509104,6.76000022888
Malta,2011,1231,9302635890,7.96000003815
Malta,2010,1222,8163355021,6.90999984741
Malta,2009,1141,8099400961,5.44000005722
Malta,2008,1014,8554293727,5.84999990463
Malta,2007,1026,7466219569,6.30999994278
Malta,2004,724,5643525282,4.78999996185
Malta,2002,677,4296164768,4.30999994278
Malta,1998,541,3809619584,4.40999984741
Marshall Islands,2003,134,126887586,12.2399997711
Marshall Islands,2002,125,124735072,8.67000007629
Marshall Islands,1999,117,107978893,14.5399999619
Mauritania,2013,4308,5057754939,3.27999997139
Mauritania,2012,4015,4845165274,3.0
Mauritania,2011,3914,5123097509,3.07999992371
Mauritania,2010,3593,4337791531,3.59999990463
Mauritania,2008,3042,4031047704,3.54999995232
Mauritania,2006,2697,3040716679,2.51999998093
Mauritania,2004,2458,1833444740,2.51999998093
Mauritania,2003,2234,1563074859,3.09999990463
Mauritania,2002,1984,1324426607,3.05999994278
Mauritania,2001,2012,1295539448,2.83999991417
Mauritania,1999,1918,1405662879,2.43000006676
Mauritius,2013,6041,11931866299,3.68000006676
Mauritius,2012,6422,11445657238,3.49000000954
Mauritius,2011,6829,11252386261,3.41000008583
Mauritius,2010,7218,9718233911,3.66000008583
Mauritius,2009,7754,8834661043,3.16000008583
Mauritius,2008,7587,9641089805,3.20000004768
Mauritius,2007,7512,7792052680,3.32999992371
Mauritius,2006,7621,6731529168,3.81999993324
Mauritius,2005,7286,6283796155,4.19999980927
Mauritius,2004,7249,6385691315,4.46999979019
Mauritius,2003,7219,5609836354,4.48000001907
Mauritius,2002,6771,4767303153,3.1099998951
Mauritius,2001,5401,4536544699,3.17000007629
Mauritius,2000,4455,4582562398,3.81999993324
Mauritius,1999,3444,4291171396,3.94000005722
Mexico,2011,26302,1169360000000,5.15000009537
Mexico,2010,26072,1049930000000,5.19000005722
Mexico,2009,26823,893369000000,5.21999979019
Mexico,2008,25608,1101280000000,4.86000013351
Mexico,2007,25043,1043120000000,4.73000001907
Mexico,2006,23975,965281000000,4.73999977112
Mexico,2005,23048,866346000000,4.90999984741
Mexico,2004,21522,770268000000,4.80000019073
Mexico,2003,21724,713284000000,5.19000005722
Mexico,2002,19880,741559000000,4.63999986649
Mexico,2001,15275,724704000000,4.42999982834
Mexico,2000,14230,683648000000,4.13000011444
Mexico,1999,13486,579460000000,3.66000008583
Mexico,1998,13149,502010000000,3.52999997139
Moldova,2012,15608,7284686576,8.35000038147
Moldova,2011,17671,7015206498,8.56000041962
Moldova,2010,15163,5811604052,9.10999965668
Moldova,2009,12788,5439422031,9.51000022888
Moldova,2008,15005,6054806101,8.23999977112
Moldova,2007,10041,4401154128,8.28999996185
Moldova,2006,9499,3408272498,7.5
Moldova,2005,10005,2988338439,7.15999984741
Moldova,2004,9249,2598231467,6.76999998093
Moldova,2003,8612,1980901554,5.42000007629
Moldova,2002,8269,1661818168,5.5
Moldova,2001,7970,1480656884,4.84999990463
Moldova,2000,9167,1288420223,4.48999977112
Moldova,1999,8909,1170785048,4.65999984741
Monaco,2011,485,6074884389,1.59000003338
Monaco,2010,454,5350674803,1.32000005245
Monaco,2009,408,5557245122,1.33000004292
Monaco,2004,350,4110348444,1.24000000954
Monaco,2000,261,2647883820,1.25999999046
Monaco,1999,249,2906009308,1.20000004768
Monaco,1998,245,2934578789,1.21000003815
Mongolia,2011,10611,10409797336,4.61000013351
Mongolia,2010,10017,7189482030,4.65000009537
Mongolia,2009,9482,4583850368,5.13999986649
Mongolia,2007,6472,4234999703,4.69000005722
Mongolia,2004,4762,1992066759,4.32999992371
Mongolia,2002,3497,1396555772,7.21000003815
Mongolia,2000,2441,1136896162,5.55000019073
Mongolia,1999,2099,1057408608,5.15000009537
Mongolia,1998,1871,1124440238,5.48999977112
Morocco,2009,42247,92897320376,5.38000011444
Morocco,2008,41558,92507257784,5.55999994278
Morocco,1999,38159,39734098976,5.38999986649
Morocco,1998,38045,40021760860,5.34000015259
Mozambique,2013,1783,16018848991,6.71999979019
Mozambique,2012,1625,14534278446,6.21000003815
Mozambique,2006,2823,8312078525,5.01000022888
Mozambique,2005,2907,7723846195,5.19999980927
Mozambique,2004,2595,6831808930,4.46000003815
Mozambique,1999,1896,5302532113,3.66000008583
Mozambique,1998,1720,4873242526,2.30999994278
Namibia,2010,7556,11282192605,8.35000038147
Namibia,2008,8446,8486721917,6.48000001907
Namibia,2006,7546,7978734402,6.03999996185
Namibia,2003,6920,4931312147,6.11999988556
Namibia,2002,5757,3361251198,6.76000022888
Namibia,2001,5930,3546783708,6.90999984741
Namibia,2000,6588,3908661518,6.98999977112
Namibia,1999,4546,3818954448,7.21999979019
Nepal,2013,30186,19271168018,4.09000015259
Nepal,2010,27323,16002656434,4.71999979019
Nepal,2009,24627,12854985464,4.65999984741
Nepal,2008,19525,12545438605,3.80999994278
Nepal,2007,15866,10325618017,3.51999998093
Nepal,2006,11355,9043715356,3.6099998951
Nepal,2005,9355,8130258976,3.3599998951
Nepal,2004,7673,7273933993,3.17000007629
Nepal,2003,7148,6330476435,3.1099998951
Nepal,2002,6326,6050875807,3.15000009537
Nepal,2001,4796,6007061224,3.71000003815
Nepal,2000,4355,5494252208,2.98000001907
Nepal,1999,3875,5033642384,2.8900001049
Nepal,1998,3840,4856255044,2.8900001049
Netherlands,2012,14466,828947000000,5.51000022888
Netherlands,2011,13472,893702000000,5.53000020981
Netherlands,2010,12619,836440000000,5.55999994278
Netherlands,2009,11273,857933000000,5.48999977112
Netherlands,2008,8280,936228000000,5.11999988556
Netherlands,2007,10553,839420000000,4.96999979019
Netherlands,2006,10109,726649000000,5.13999986649
Netherlands,2005,10209,678534000000,5.21000003815
Netherlands,2004,8655,650533000000,5.15000009537
Netherlands,2003,12694,571863000000,5.11000013351
Netherlands,2002,12193,465369000000,4.88000011444
Netherlands,2001,12054,426574000000,4.76000022888
Netherlands,2000,12538,412807000000,4.61999988556
Netherlands,1999,13064,441975000000,4.57999992371
Netherlands,1998,12640,432476000000,4.61000013351
New Zealand,2011,5227,166140000000,7.0
New Zealand,2010,4759,145288000000,7.05000019073
New Zealand,2009,4572,120467000000,6.34999990463
New Zealand,2008,4171,131935000000,5.53000020981
New Zealand,2007,4161,136776000000,5.92999982834
New Zealand,2006,4148,111437000000,5.94000005722
New Zealand,2005,3818,115061000000,6.26999998093
New Zealand,2004,6533,104072000000,6.5
New Zealand,2003,6926,88361029620,6.42999982834
New Zealand,2002,7406,66711700380,6.40999984741
New Zealand,2001,6577,53872573916,6.55999994278
New Zealand,1999,5822,58762345633,6.63999986649
Nicaragua,2010,2561,8741313143,4.48999977112
Nicaragua,2003,1813,5322454926,2.42000007629
Nicaragua,2002,1692,5224213018,2.3900001049
Nicaragua,2000,1404,5107329007,3.0
Nicaragua,1999,1330,4855717875,2.92000007629
Nicaragua,1998,1331,4635267225,2.23000001907
Niger,2013,2416,7683045043,4.90999984741
Niger,2012,2288,6942209595,4.32999992371
Niger,2011,2682,6409169890,4.21000003815
Niger,2010,2393,5718589799,3.73000001907
Niger,2009,2146,5397121856,4.53000020981
Niger,2008,2342,5403363917,3.66000008583
Niger,2007,2394,4291363391,4.01999998093
Niger,2006,2369,3646728060,3.32999992371
Niger,2003,1513,2731416346,2.40000009537
Niger,2002,1465,2170481509,3.05999994278
Niger,2001,1252,1945327565,2.86999988556
Niger,2000,1329,1798374468,3.19000005722
Niger,1999,1139,2018193703,3.23000001907
Norway,2012,23560,509705000000,7.36999988556
Norway,2011,15558,498157000000,6.46000003815
Norway,2010,13883,428525000000,6.75
Norway,2009,12426,386384000000,7.09999990463
Norway,2008,11307,461947000000,6.28999996185
Norway,2007,11965,400884000000,6.53999996185
Norway,2006,12214,345425000000,6.38999986649
Norway,2005,12683,308722000000,6.86999988556
Norway,2004,13673,264357000000,7.30000019073
Norway,2003,15456,228752000000,7.42000007629
Norway,2002,16106,195418000000,7.44000005722
Norway,2001,14692,174003000000,6.82999992371
Norway,2000,13835,171316000000,6.46000003815
Norway,1999,12947,162286000000,6.96999979019
Norway,1998,11608,154165000000,7.36000013351
Oman,2009,10155,48388296489,4.19000005722
Oman,2006,10542,37215864759,3.8599998951
Oman,2005,10254,31081924577,3.51999998093
Oman,2004,10827,24763589077,4.03000020981
Oman,2003,9899,21633810143,3.90000009537
Oman,2002,9685,20142782835,4.32999992371
Oman,2001,9186,19452015605,4.01999998093
Oman,2000,8806,19507412224,3.20000004768
Oman,1999,8278,15710148244,4.01000022888
Oman,1998,8082,14085373212,4.11000013351
Pakistan,2013,37579,231087000000,2.49000000954
Pakistan,2012,37229,224646000000,2.1400001049
Pakistan,2011,39296,213755000000,2.22000002861
Pakistan,2010,37850,177407000000,2.28999996185
Pakistan,2009,34581,168153000000,2.58999991417
Pakistan,2008,30542,170078000000,2.75
Pakistan,2007,27873,152386000000,2.6400001049
Pakistan,2006,25694,137264000000,2.63000011444
Pakistan,2005,24109,109502000000,2.25
Pakistan,2004,23238,97977766198,1.95000004768
Pakistan,2000,15490,73952374970,1.84000003338
Pakistan,1999,14625,62973855719,2.6099998951
Panama,2011,2082,33270500000,3.28999996185
Panama,2008,2544,24884000000,3.53999996185
Panama,2004,1847,14179300000,3.78999996185
Panama,2003,2018,12933200000,4.40999984741
Panama,2002,1768,12272400000,4.44000005722
Panama,2001,1728,11807500000,4.34999990463
Panama,2000,1879,11620500000,5.03999996185
Panama,1999,1761,11456300000,4.84000015259
Paraguay,2012,2837,24611039786,4.96000003815
Paraguay,2011,2881,25071195492,4.96999979019
Paraguay,2010,2798,20030528043,3.76999998093
Paraguay,2007,2421,13794910634,3.54999995232
Paraguay,2004,1612,8033877360,3.44000005722
Paraguay,2003,1666,6588103836,3.95000004768
Paraguay,2002,1477,6325151760,3.88000011444
Paraguay,2001,1275,7662595076,4.25
Paraguay,2000,1095,8195993231,4.57000017166
Paraguay,1999,1012,8392549702,4.44999980927
Paraguay,1998,997,9024567484,4.30999994278
Peru,2013,14204,201848000000,3.27999997139
Peru,2012,15083,192680000000,2.92000007629
Peru,2011,16424,170564000000,2.68000006676
Peru,2010,17282,148522000000,2.84999990463
Peru,2009,15601,121192000000,3.13000011444
Peru,2008,15598,121572000000,2.83999991417
Peru,2007,13374,102171000000,2.63000011444
Peru,2006,11489,87862091339,2.68000006676
Peru,2005,10134,74947898080,2.88000011444
Peru,2004,9790,66695121800,2.96000003815
Peru,2003,9839,59030590739,2.92000007629
Peru,2002,8921,54436633340,2.83999991417
Peru,2001,7417,51592365725,3.05999994278
Peru,2000,7370,50980861887,3.27999997139
Peru,1999,5943,49332889437,3.5
Peru,1998,5876,54534476412,3.33999991417
Philippines,2009,10087,168335000000,2.65000009537
Philippines,2008,8895,174195000000,2.69000005722
Philippines,2007,8120,149360000000,2.59999990463
Philippines,2006,7902,122211000000,2.52999997139
Philippines,2005,7625,103072000000,2.43000006676
Philippines,2004,7403,91371239765,2.56999993324
Philippines,2003,7174,83908206456,3.03999996185
Philippines,2002,6464,81357602950,3.0
Philippines,2001,5545,76262072022,3.02999997139
Philippines,2000,5573,81026297144,3.26999998093
Philippines,1998,5091,72207025219,3.80999994278
Poland,2011,28634,528742000000,4.86000013351
Poland,2010,31211,479243000000,5.09999990463
Poland,2009,32687,436476000000,5.03000020981
Poland,2008,32254,530185000000,5.07000017166
Poland,2007,32582,428763000000,4.86999988556
Poland,2006,30469,343261000000,5.23000001907
Poland,2005,30089,304410000000,5.46000003815
Poland,2004,27679,253529000000,5.38999986649
Poland,2003,26601,217513000000,5.32999992371
Poland,2002,22813,198681000000,5.40000009537
Poland,2001,19739,190521000000,5.32999992371
Poland,2000,17446,171886000000,4.98999977112
Poland,1999,15515,168225000000,4.63999986649
Poland,1998,15417,173338000000,4.98000001907
Portugal,2011,13471,244880000000,5.11999988556
Portugal,2010,13019,238318000000,5.40000009537
Portugal,2009,12511,243746000000,5.55999994278
Portugal,2008,11540,262008000000,4.69999980927
Portugal,2007,11735,240169000000,4.92000007629
Portugal,2006,10452,208567000000,4.90999984741
Portugal,2005,12320,197305000000,5.07000017166
Portugal,2004,11241,189187000000,5.03999996185
Portugal,2003,12468,164964000000,5.28000020981
Portugal,2002,11652,134229000000,5.26000022888
Portugal,2001,11231,121546000000,5.34000015259
Portugal,2000,10657,118358000000,5.15999984741
Portugal,1999,10959,127466000000,5.05000019073
Qatar,2013,5039,201885000000,4.01000022888
Qatar,2012,3585,190290000000,3.47000002861
Qatar,2011,2859,169805000000,4.01000022888
Qatar,2010,2825,125122000000,4.53999996185
Qatar,2009,2431,97798351648,3.41000008583
Qatar,2008,2168,115270000000,4.23000001907
Qatar,2007,2007,79712087912,2.45000004768
Qatar,2006,1809,60882142857,2.70000004768
Qatar,2005,1838,44530494505,3.97000002861
Qatar,2004,1354,31734065934,3.46000003815
Qatar,2003,1327,23533791209,3.36999988556
Qatar,2002,1284,19363736264,3.84999990463
Qatar,2001,1253,17538461538,3.20000004768
Qatar,2000,1205,17759890110,3.73000001907
Qatar,1999,1147,12393131868,4.34999990463
Qatar,1998,1086,10255495027,3.57999992371
Romania,2012,31888,172044000000,2.99000000954
Romania,2011,28534,185363000000,3.06999993324
Romania,2010,25627,167998000000,3.52999997139
Romania,2009,23671,167423000000,4.23999977112
Romania,2007,22311,171537000000,4.25
Romania,2005,20315,99697566668,3.48000001907
Romania,2004,20002,76216441462,3.27999997139
Romania,2003,19487,59867801205,3.45000004768
Romania,2002,17510,46174557556,3.50999999046
Romania,2001,15082,40716836998,3.25
Romania,2000,12540,37438527800,2.8599998951
Russian Federation,2012,51267,2016110000000,4.15000009537
Russian Federation,2008,44864,1660850000000,4.09999990463
Russian Federation,2006,41779,989931000000,3.86999988556
Russian Federation,2005,39508,764017000000,3.76999998093
Russian Federation,2004,37910,591017000000,3.54999995232
Russian Federation,2003,37226,430348000000,3.68000006676
Russian Federation,2002,35046,345110000000,3.83999991417
Russian Federation,2001,30080,306603000000,3.1099998951
Russian Federation,2000,28634,259708000000,2.94000005722
Rwanda,2013,5155,7522006198,5.03000020981
Rwanda,2012,6067,7219657132,4.75
Rwanda,2011,4948,6406727230,4.71000003815
Rwanda,2010,4767,5698548988,4.94999980927
Rwanda,2008,4065,4796573531,3.77999997139
Rwanda,2007,3694,3775447706,4.30000019073
Rwanda,2001,3349,1674685126,5.67000007629
Rwanda,2000,3127,1734938190,4.09999990463
Rwanda,1999,2906,1817655192,4.57999992371
Samoa,2008,699,619260722,5.13999986649
Samoa,2002,929,288078881,3.83999991417
Samoa,2001,920,273088357,3.82999992371
Samoa,2000,983,269019710,3.57999992371
Samoa,1999,983,258833767,4.01999998093
Sao Tome and Principe,2013,542,305632897,5.78999996185
Sao Tome and Principe,2012,530,265592760,6.07999992371
Sao Tome and Principe,2010,584,195176113,9.47999954224
Sao Tome and Principe,2009,751,192558290,10.2100000381
Sao Tome and Principe,2008,578,189595284,5.69000005722
Sao Tome and Principe,2007,963,145827430,6.5
Sao Tome and Principe,2006,830,134441117,4.51000022888
Sao Tome and Principe,2005,808,126194166,5.38000011444
Sao Tome and Principe,2004,729,105360802,3.34999990463
Sao Tome and Principe,2003,649,96343906,3.26999998093
Sao Tome and Principe,2002,607,80531992,2.74000000954
Saudi Arabia,2008,24828,519797000000,5.13999986649
Saudi Arabia,2006,13765,376900000000,5.88999986649
Saudi Arabia,2005,12398,328460000000,5.42999982834
Saudi Arabia,2004,11704,258742000000,6.28000020981
Saudi Arabia,2003,11380,214573000000,7.15000009537
Saudi Arabia,2002,12162,188551000000,7.67999982834
Saudi Arabia,2001,11092,183012000000,7.76999998093
Saudi Arabia,2000,10626,188442000000,5.94000005722
Saudi Arabia,1999,10266,160957000000,7.11000013351
Saudi Arabia,1998,9941,145773000000,8.34000015259
Senegal,2010,12467,12932428288,5.59999990463
Senegal,2009,12107,12812994419,5.53000020981
Senegal,2008,12378,13386345215,5.05000019073
Senegal,2006,12216,9358710935,4.76999998093
Senegal,2005,11639,8707015771,5.13999986649
Senegal,2004,11040,8031344381,3.84999990463
Senegal,2003,10584,6858952880,3.50999999046
Senegal,2002,8704,5333862371,3.3900001049
Senegal,2001,7436,4877602060,3.28999996185
Senegal,2000,6282,4679604754,3.16000008583
Senegal,1999,5634,5144045360,3.15000009537
Senegal,1998,5639,5030344074,3.20000004768
Serbia,2012,12773,40742313861,4.42999982834
Serbia,2011,13515,46466728667,4.48999977112
Serbia,2010,12955,39460357731,4.59000015259
Serbia,2009,12794,42616653300,4.75
Serbia,2008,11638,49259526053,4.71000003815
Serbia,2007,12003,40289556656,4.51000022888
Seychelles,2011,407,1065818956,3.6099998951
Seychelles,2006,483,1016418229,4.76999998093
Seychelles,2003,419,705704816,5.36999988556
Seychelles,2002,377,697518248,5.19000005722
Seychelles,1999,240,622985494,5.26000022888
Seychelles,1998,216,608369282,5.98999977112
Sierra Leone,2013,887,4838115453,2.38000011444
Sierra Leone,2012,802,3740395424,2.88000011444
Sierra Leone,2011,875,2900558287,2.68000006676
Sierra Leone,2010,754,2578026297,2.58999991417
Sierra Leone,2009,748,2453899847,2.77999997139
Sierra Leone,2008,828,2505458705,2.41000008583
Sierra Leone,2007,893,2158496873,2.55999994278
Sierra Leone,2005,1034,1627854495,2.83999991417
Sierra Leone,2004,882,1431208677,3.1400001049
Sierra Leone,2003,894,1371442566,3.28999996185
Sierra Leone,2002,844,1239004288,3.58999991417
Sierra Leone,2001,791,1079478388,3.47000002861
Sierra Leone,2000,918,635874002,4.94999980927
Singapore,2013,22578,302246000000,2.91000008583
Singapore,2012,22037,289936000000,3.11999988556
Singapore,2011,21281,275365000000,3.06999993324
Singapore,2010,20634,236422000000,3.1099998951
Singapore,2009,19967,192408000000,3.02999997139
Singapore,2008,18771,192226000000,2.77999997139
Singapore,2007,18879,179981000000,2.96000003815
Singapore,2006,18908,147797000000,2.86999988556
Singapore,2005,19655,127418000000,3.22000002861
Singapore,2004,21069,114189000000,3.68000006676
Singapore,2003,25344,97001377569,4.01000022888
Singapore,2002,26032,91941192896,3.90000009537
Singapore,2001,22941,89286208629,3.54999995232
Singapore,2000,20856,95833932715,3.31999993324
Slovenia,2012,2451,46239992125,5.65999984741
Slovenia,2011,2564,51287600778,5.57000017166
Slovenia,2010,2476,48016463576,5.57000017166
Slovenia,2009,2482,50244790220,5.57000017166
Slovenia,2008,2343,55589849128,5.11000013351
Slovenia,2007,2278,48114686559,5.11000013351
Slovenia,2006,2352,39587730523,5.57999992371
Slovenia,2005,2702,36346971770,5.57999992371
Slovenia,2004,2569,34470229198,5.63999986649
Slovenia,2003,7923,29697443017,5.69000005722
Slovenia,2002,2263,23563581047,5.65999984741
Slovenia,2001,2109,20875389931,5.76000022888
Solomon Islands,2010,3148,671585232,10.0
Solomon Islands,2009,3133,597762271,8.97000026703
Solomon Islands,2008,3096,608292552,8.80000019073
Solomon Islands,2007,2597,516074229,9.88000011444
Solomon Islands,1998,1205,471177008,2.25
South Africa,2013,6723,366244000000,6.0
South Africa,2012,6470,397386000000,6.36999988556
South Africa,2011,6378,416597000000,5.96000003815
South Africa,2010,6496,375349000000,5.71999979019
South Africa,2009,6566,295936000000,5.25
South Africa,2008,5705,286770000000,4.86999988556
South Africa,2007,6033,299415000000,4.96999979019
South Africa,2006,5901,271639000000,5.07000017166
South Africa,2005,5654,257772000000,5.05999994278
South Africa,2004,5759,228594000000,5.07000017166
South Africa,2003,6334,175257000000,4.86000013351
South Africa,2002,6360,115482000000,5.07000017166
South Africa,2001,5884,121516000000,5.15999984741
South Africa,2000,5571,136362000000,5.44000005722
South Africa,1999,4788,136632000000,5.88000011444
Spain,2012,29881,1339950000000,4.36999988556
Spain,2011,26150,1487920000000,4.84999990463
Spain,2010,23454,1431670000000,4.82000017166
Spain,2009,22002,1499070000000,4.86999988556
Spain,2008,21136,1634990000000,4.5
Spain,2007,23791,1479340000000,4.23000001907
Spain,2006,23357,1264550000000,4.17000007629
Spain,2005,24692,1157280000000,4.13000011444
Spain,2004,25181,1069560000000,4.15000009537
Spain,2003,22783,906853000000,4.17000007629
Spain,2002,27492,705146000000,4.13999986649
Spain,2001,27110,625976000000,4.11999988556
Spain,2000,27586,595403000000,4.17999982834
Spain,1999,26253,633194000000,4.26999998093
Spain,1998,25410,617042000000,4.30000019073
Sri Lanka,2012,16276,68434422594,1.72000002861
Sri Lanka,2011,16606,65292732252,2.0
Sri Lanka,2010,16957,56725780417,1.97000002861
Sri Lanka,2009,16593,42066217872,2.05999994278
Sri Lanka,1998,6059,15794972847,3.04999995232
Swaziland,2011,4404,4963056472,8.64000034332
Swaziland,2010,4082,3527776867,6.96999979019
Swaziland,2009,4112,3144671159,7.05999994278
Swaziland,2008,3800,3019779209,7.51999998093
Swaziland,2006,3188,2947943587,8.06000041962
Swaziland,2005,2930,2584089444,7.42000007629
Swaziland,2004,2647,2420645241,6.40000009537
Swaziland,2003,2340,1854032546,6.80999994278
Swaziland,2002,2094,1224226095,5.07999992371
Swaziland,2001,1626,1349339652,5.51999998093
Swaziland,2000,1376,1524496383,5.51000022888
Swaziland,1999,1122,1547884442,5.09000015259
Sweden,2012,17716,543881000000,7.65999984741
Sweden,2011,16569,563113000000,6.48999977112
Sweden,2010,15540,488379000000,6.61999988556
Sweden,2009,14782,429657000000,6.86000013351
Sweden,2008,13877,513966000000,6.38999986649
Sweden,2007,13831,487816000000,6.21999979019
Sweden,2006,13378,420032000000,6.40999984741
Sweden,2005,13350,389042000000,6.55999994278
Sweden,2004,13146,381705000000,6.71999979019
Sweden,2003,16258,331109000000,6.86000013351
Sweden,2002,15555,263926000000,7.0
Sweden,2001,15432,239917000000,6.69000005722
Sweden,2000,12601,259802000000,6.82000017166
Sweden,1999,13982,270848000000,6.92999982834
Sweden,1998,12819,266800000000,7.17000007629
Switzerland,2012,11835,665408000000,5.05000019073
Switzerland,2011,11797,696312000000,4.98999977112
Switzerland,2010,11374,581212000000,4.94999980927
Switzerland,2009,10968,539528000000,5.05999994278
Switzerland,1998,8474,294978000000,4.88999986649
Tajikistan,2012,8389,7633036366,4.01999998093
Tajikistan,2011,9194,6522755783,3.94000005722
Tajikistan,2010,8342,5642221529,4.01000022888
Tajikistan,2009,6248,4979471964,4.09999990463
Tajikistan,2008,5288,5161298559,3.46000003815
Tajikistan,2007,3207,3719515379,3.41000008583
Tajikistan,2006,2930,2830228903,3.40000009537
Tajikistan,2005,3022,2312344311,3.50999999046
Tajikistan,2004,2433,2076148710,2.76999998093
Tajikistan,2003,2422,1554125543,2.42000007629
Tajikistan,2002,2199,1221113795,2.77999997139
Tajikistan,2001,1559,1080774006,2.38000011444
Tajikistan,2000,1396,860550294,2.32999992371
Tajikistan,1999,1358,1086567368,2.07999992371
Tajikistan,1998,1292,1320126665,2.52999997139
Thailand,2012,26310,397472000000,4.92999982834
Thailand,2011,27130,370609000000,5.15999984741
Thailand,2010,28304,340924000000,3.75
Thailand,2009,27203,281575000000,4.13000011444
Thailand,2008,26390,291383000000,3.75
Thailand,2007,26752,262943000000,3.83999991417
Thailand,2006,25796,221758000000,4.34000015259
Thailand,2005,25618,189318000000,4.23000001907
Thailand,2004,25915,172895000000,4.32000017166
Thailand,2003,25787,152281000000,3.98000001907
Thailand,2002,25767,134301000000,4.09000015259
Thailand,2001,22011,120297000000,5.01999998093
Thailand,2000,21007,126392000000,5.40999984741
Thailand,1999,21967,126669000000,4.98999977112
Thailand,1998,21553,113676000000,4.69999980927
Timor-Leste,2011,3687,1138000000,9.46000003815
Timor-Leste,2010,3710,934000000,10.4899997711
Timor-Leste,2009,3384,818000000,11.470000267
Timor-Leste,2008,3154,694000000,8.10000038147
Togo,2013,3345,4338575824,4.40999984741
Togo,2012,3427,3915776459,4.67000007629
Togo,2011,3402,3756023160,4.44000005722
Togo,2010,3295,3172945645,4.42000007629
Togo,2009,3325,3163000529,4.11999988556
Togo,2008,3540,3163416242,3.44000005722
Togo,2007,3512,2523462557,3.70000004768
Togo,2006,3650,2202809251,3.66000008583
Togo,2005,3618,2115154262,3.41000008583
Togo,2004,3308,1937074572,3.61999988556
Togo,2003,3331,1673690430,4.19999980927
Togo,2002,2861,1474630207,4.01999998093
Togo,2001,2561,1332328999,4.19000005722
Togo,2000,2276,1294250233,4.51000022888
Togo,1999,2288,1576094566,4.19000005722
Togo,1998,2288,1587345951,3.98000001907
Tonga,2004,1096,236247363,3.90000009537
Tonga,2003,1051,208098553,4.15000009537
Tonga,2002,1181,181801932,3.78999996185
Tonga,2001,1056,167042899,4.53000020981
Tonga,2000,1047,188623259,4.94000005722
Tonga,1999,1028,194669502,5.46000003815
Tonga,1998,1034,188686997,5.59000015259
Trinidad and Tobago,2003,4925,11305459802,3.16000008583
Trinidad and Tobago,2002,4280,9008273721,3.53999996185
Trinidad and Tobago,2001,4101,8824841173,3.06999993324
Trinidad and Tobago,2000,4082,8154385854,2.75999999046
Trinidad and Tobago,1999,3669,6808966645,2.75999999046
Trinidad and Tobago,1998,3404,6043694330,2.44000005722
Tunisia,2012,18908,45131250400,6.21999979019
Tunisia,2010,19779,44051138745,6.19999980927
Tunisia,2009,18983,43454935940,6.53000020981
Tunisia,2008,18096,44856586316,6.26999998093
Tunisia,2007,17092,38908069299,6.46999979019
Tunisia,2006,16764,34378437265,6.44000005722
Tunisia,2005,15054,32273007554,6.44999980927
Tunisia,2004,14779,31183139301,6.71999979019
Tunisia,2003,14406,27453084983,6.82000017166
Tunisia,2002,12644,23142294436,5.78999996185
Tunisia,2001,11241,22066101341,6.19999980927
Tunisia,2000,10286,21473188882,6.19999980927
Tunisia,1999,9380,22943685719,6.26999998093
Turkey,2006,37448,530900000000,2.8599998951
Turkey,2004,55519,392166000000,3.11999988556
Turkey,2003,55314,303005000000,2.96000003815
Turkey,2002,55453,232535000000,2.81999993324
Turkey,2001,52079,196005000000,2.71000003815
Turkey,2000,51604,266568000000,2.58999991417
Turkey,1999,51295,249751000000,2.96000003815
Turkey,1998,51067,269287000000,0.0
Turkmenistan,2012,28719,35164210526,3.04999995232
Uganda,2013,4696,24662957430,2.20000004768
Uganda,2012,4554,23236898742,2.72000002861
Uganda,2011,4920,20262889524,2.70000004768
Uganda,2010,3756,20181796803,2.25
Uganda,2009,3884,17878178831,3.25
Uganda,2004,2522,7940362799,4.94999980927
Uganda,2000,2205,6193246837,2.46000003815
Ukraine,2013,39670,183310000000,6.67000007629
Ukraine,2012,37553,175781000000,6.69000005722
Ukraine,2011,37430,163160000000,6.15999984741
Ukraine,2009,33824,117228000000,7.30999994278
Ukraine,2008,32570,179992000000,6.42999982834
Ukraine,2007,26787,142719000000,6.15000009537
Ukraine,2006,25817,107753000000,6.21000003815
Ukraine,2005,26698,86142018069,6.05999994278
Ukraine,2004,24921,64883060726,5.30999994278
Ukraine,2003,19147,50132953288,5.59999990463
Ukraine,2002,22222,42392896031,5.42999982834
Ukraine,2001,18416,38009344577,4.67999982834
Ukraine,2000,20891,31261718319,4.17000007629
Ukraine,1999,13285,31580961263,3.61999988556
Ukraine,1998,13064,41883242907,4.44999980927
Uruguay,2011,2712,47962439304,4.36000013351
Uruguay,2006,2136,19579457966,2.88000011444
Uruguay,2005,2023,17362857684,2.71000003815
Uruguay,2004,1864,13686329890,2.5
Uruguay,2003,1898,12045631093,2.06999993324
Uruguay,2002,1724,13606494599,2.31999993324
Uruguay,2001,1492,20898788417,2.79999995232
Uruguay,2000,1472,22823255802,2.42000007629
Uruguay,1998,1285,25385928198,2.24000000954
Vanuatu,2009,1758,610066629,5.01000022888
Vanuatu,2008,1724,607958616,5.78000020981
Vanuatu,2003,841,314463144,8.43999958038
Vanuatu,2002,818,262603782,8.13000011444
Vanuatu,2001,790,257926882,8.94999980927
Vanuatu,2000,773,272014693,7.0
Vanuatu,1999,770,267999225,6.15999984741
Vanuatu,1998,773,262301253,7.63999986649
Vietnam,2012,53004,155820000000,6.30000019073
Vietnam,2010,47268,115932000000,6.28999996185
Vietnam,2008,36514,99130304099,4.88999986649
Zambia,2008,5159,17910858638,1.10000002384
Zambia,2007,4656,14056957976,1.24000000954
Zambia,2005,4063,8331863990,1.74000000954
Zambia,2004,3873,6221109712,2.46000003815
Zambia,2000,5117,3600631915,1.78999996185
Zambia,1999,3929,3404284648,1.76999998093
Zambia,1998,2665,3537741619,2.11999988556
Zimbabwe,2010,25236,9422161302,1.97000002861
